0195153448,9780195153446,Classical Mythology,"Mark P. O. Morford,Robert J. Lenardon",http://www.openisbn.com/cover/0195153448_72.jpg,"Oxford University Press, USA",844
0002005018,9780002005012,Clara Callan: A Novel,Richard Bruce Wright,http://www.openisbn.com/cover/0002005018_72.jpg,HarperFlamingoCanada,414
0060973129,9780060973124,Decision In Normandy,Carlo D'Este,http://www.openisbn.com/cover/0060973129_72.jpg,HarperPerennial,555
0374157065,9780374157067,Flu: The Story Of The Great Influenza Pandemic Of 1918 And The Search For The Virus That Caused It,Gina Kolata,http://www.openisbn.com/cover/0374157065_72.jpg,"Farrar, Straus And Giroux",256
0393045218,9780393045215,The Mummies Of Urumchi,"Elizabeth Wayland Barber,E. J. W. Barber",http://www.openisbn.com/cover/0393045218_72.jpg,W. W. Norton &amp; Company,240
0399135782,9780399135781,The Kitchen God's Wife,Amy Tan,http://www.openisbn.com/cover/0399135782_72.jpg,G. P. Putnam's Sons,415
0425176428,9780425176429,What If?: The World's Foremost Military Historians Imagine What Might Have Been,Robert Cowley,http://www.openisbn.com/cover/0425176428_72.jpg,Berkley Trade,416
0671870432,9780671870430,Pleading Guilty,"Scott Turow,Stacy Keach",http://www.openisbn.com/cover/0671870432_72.jpg,Simon &amp; Schuster Audio,0
0679425608,9780679425601,Under The Black Flag: The Romance And The Reality Of Life Among The Pirates,David Cordingly,http://www.openisbn.com/cover/0679425608_72.jpg,Random House,296
074322678X,9780743226783,Where You'll Find Me: And Other Stories,Ann Beattie,http://www.openisbn.com/cover/074322678X_72.jpg,Scribner,208
0771074670,9780771074677,Nights Below Station Street,David Adams Richards,http://www.openisbn.com/cover/0771074670_72.jpg,Emblem Editions,225
080652121X,9780806521213,Hitler's Secret Bankers: The Myth Of Swiss Neutrality During The Holocau: The Myth Of Swiss Neutrality During The Holocaust,Kensington,http://www.openisbn.com/cover/080652121X_72.jpg,Citadel,293
0887841740,9780887841743,The Middle Stories,Sheila Heti,http://www.openisbn.com/cover/0887841740_72.jpg,House Of Anansi Press,160
1552041778,9781552041772,Jane Doe,J. R. Kaiser,http://www.openisbn.com/cover/1552041778_72.jpg,Mira Books,0
1558746218,9781558746213,A Second Chicken Soup For The Woman's Soul (Chicken Soup For The Soul),"Jack Canfield,Mark Victor Hansen,Jennifer Read Haw",http://www.openisbn.com/cover/1558746218_72.jpg,HCI,328
1567407781,9781567407785,The Witchfinder (Amos Walker Series),"Loren D. Estleman,John Kenneth",http://www.openisbn.com/cover/1567407781_72.jpg,Nova Audio Books,0
1575663937,9781575663937,More Cunning Than Man: A Social History Of Rats And Man,Robert Hendrickson,http://www.openisbn.com/cover/1575663937_72.jpg,Kensington,288
1881320189,9781881320180,Goodbye To The Buttermilk Sky,Julia Oliver,http://www.openisbn.com/cover/1881320189_72.jpg,River City Pub,191
0440234743,9780440234746,The Testament,John Grisham,http://www.openisbn.com/cover/0440234743_72.jpg,Dell,544
0452264464,9780452264465,Beloved (Plume Contemporary Fiction),Toni Morrison,http://www.openisbn.com/cover/0452264464_72.jpg,Longman,275
0609804618,9780609804612,Our Dumb Century: The Onion Presents 100 Years Of Headlines From America's Finest News Source,"The Onion,Scott Dikkers,Mike Loew",http://www.openisbn.com/cover/0609804618_72.jpg,Three Rivers Press,176
1841721522,9781841721521,New Vegetarian: Bold And Beautiful Recipes For Every Occasion,"Celia Brooks Brown,Jane Noraika,Philip Webb",http://www.openisbn.com/cover/1841721522_72.jpg,Ryland Peters &amp; Small,144
1879384493,9781879384491,If I'd Known Then What I Know Now: Why Not Learn From The Mistakes Of Others? You Can't Afford To Make Them All Yourself!,J. R. Parrish,http://www.openisbn.com/cover/1879384493_72.jpg,Cypress House,136
0061076031,9780061076039,Mary-Kate &amp; Ashley Switching Goals (Mary-Kate &amp; Ashley Starring In),Mary-kate &amp; Ashley Olsen,http://www.openisbn.com/cover/0061076031_72.jpg,HarperEntertainment,128
0439095026,9780439095020,Tell Me This Isn't Happening,Robynn Clairday,http://www.openisbn.com/cover/0439095026_72.jpg,Scholastic,144
0689821166,9780689821165,Flood : Mississippi 1927,"Kathleen Duey,Karen A. Bale,Bill Dodge",http://www.openisbn.com/cover/0689821166_72.jpg,Aladdin,176
0971880107,9780971880108,Wild Animus: A Novel,Rich Shapero,http://www.openisbn.com/cover/0971880107_72.jpg,Too Far Pub,315
0345402871,9780345402875,Airframe,Michael Crichton,http://www.openisbn.com/cover/0345402871_72.jpg,Ballantine Books,448
0345417623,9780345417626,Timeline,Michael Crichton,http://www.openisbn.com/cover/0345417623_72.jpg,Ballantine Books,512
0684823802,9780684823805,Out Of The Silent Planet,C.S. Lewis,http://www.openisbn.com/cover/0684823802_72.jpg,Scribner,160
0375759778,9780375759772,Prague: A Novel,Arthur Phillips,http://www.openisbn.com/cover/0375759778_72.jpg,Random House Trade Paperbacks,400
0425163091,9780425163092,Chocolate Jesus,Stephen Jaramillo,http://www.openisbn.com/cover/0425163091_72.jpg,Berkley Trade,249
3404921038,9783404921034,Wie Barney Es Sieht. Roman,"Mordecai Richler,Michael Panofsky,Anette Grube",http://www.openisbn.com/cover/3404921038_72.jpg,Bastei Lübbe,574
3442353866,9783442353866,Der Fluch Der Kaiserin,"Eleanor Cooney,Daniel Altieri",http://www.openisbn.com/cover/3442353866_72.jpg,Blanvalet,0
3442410665,9783442410668,Die Sturmzeit-Trilogie: Sturmzeit: Roman: BD 1,Charlotte Link,http://www.openisbn.com/cover/3442410665_72.jpg,Goldmann Verlag,544
3442446937,9783442446933,Tage Der Unschuld,"Richard North Patterson,Kristian Lutze",http://www.openisbn.com/cover/3442446937_72.jpg,Goldmann,575
0375406328,9780375406324,Lying Awake,Mark Salzman,http://www.openisbn.com/cover/0375406328_72.jpg,Alfred A. Knopf,181
0446310786,9780446310789,To Kill A Mockingbird,Harper Lee,http://www.openisbn.com/cover/0446310786_72.jpg,Grand Central Publishing,281
0449005615,9780449005613,Seabiscuit: An American Legend,Laura Hillenbrand,http://www.openisbn.com/cover/0449005615_72.jpg,Ballantine Books,399
0060168013,9780060168018,Pigs In Heaven,Barbara Kingsolver,http://www.openisbn.com/cover/0060168013_72.jpg,HarperCollins Publishers,288
038078243X,9780380782437,Miss Zukas And The Raven's Dance (Miss Zukas Mysteries),Jo Dereske,http://www.openisbn.com/cover/038078243X_72.jpg,Avon,256
055321215X,9780553212150,Pride And Prejudice,Jane Austen,http://www.openisbn.com/cover/055321215X_72.jpg,Bantam Classics,0
067176537X,9780671765378,The Therapeutic Touch: How To Use Your Hands To Help Or To Heal,Dolores Krieger,http://www.openisbn.com/cover/067176537X_72.jpg,Touchstone,168
0061099686,9780061099687,Downtown,Anne Rivers Siddons,http://www.openisbn.com/cover/0061099686_72.jpg,HarperTorch,512
0553582909,9780553582901,Icebound,Dean Koontz,http://www.openisbn.com/cover/0553582909_72.jpg,Bantam,416
0671888587,9780671888589,I'll Be Seeing You,Mary Higgins Clark,http://www.openisbn.com/cover/0671888587_72.jpg,Pocket Books,320
0553582747,9780553582741,From The Corner Of His Eye,Dean Koontz,http://www.openisbn.com/cover/0553582747_72.jpg,Bantam,768
0425182908,9780425182901,Isle Of Dogs (Andy Brazil),Patricia Cornwell,http://www.openisbn.com/cover/0425182908_72.jpg,Berkley,432
042518630X,9780425186305,Purity In Death,J.D. Robb,http://www.openisbn.com/cover/042518630X_72.jpg,Berkley,368
0440223571,9780440223573,This Year It Will Be Different And Other Stories - A Christmas Treasury,Maeve Binchy,http://www.openisbn.com/cover/0440223571_72.jpg,Dell,0
0812523873,9780812523874,Proxies,Laura J. Mixon,http://www.openisbn.com/cover/0812523873_72.jpg,Tor Books,480
0842342702,9780842342704,Left Behind: A Novel Of The Earth's Last Days (Left Behind #1),"Tim LaHaye,Jerry B. Jenkins",http://www.openisbn.com/cover/0842342702_72.jpg,Living Books,352
0440225701,9780440225706,The Street Lawyer,John Grisham,http://www.openisbn.com/cover/0440225701_72.jpg,Dell,464
0060914068,9780060914066,"Love, Medicine And Miracles",Bernie S. Siegel M.D.,http://www.openisbn.com/cover/0060914068_72.jpg,HarperCollins Publishers,0
0156047624,9780156047623,All The King's Men,Robert Penn Warren,http://www.openisbn.com/cover/0156047624_72.jpg,Harcourt,438
0245542957,9780245542954,Pacific Northwest,Hans Johannes Hoefer,http://www.openisbn.com/cover/0245542957_72.jpg,Chambers,0
0380715899,9780380715893,Soldier Of The Great War,Mark Helprin,http://www.openisbn.com/cover/0380715899_72.jpg,Avon Books,736
0553280333,9780553280333,Getting Well Again: The Bestselling Classic About The Simontons' Revolutionary Lifesaving Self- Awareness Techniques,"O. Carl Simonton M.D.,James Creighton Ph.D.,Stepha",http://www.openisbn.com/cover/0553280333_72.jpg,Bantam,304
0961769947,9780961769949,Northwest Wines And Wineries,Chuck Hill,http://www.openisbn.com/cover/0961769947_72.jpg,Speed Graphics,236
0964778319,9780964778313,An Atmosphere Of Eternity: Stories Of India,David Iglehart,http://www.openisbn.com/cover/0964778319_72.jpg,Sunflower Pub Co,157
0671623249,9780671623241,Lonesome Dove,Larry McMurtry,http://www.openisbn.com/cover/0671623249_72.jpg,Pocket Books,945
0679810307,9780679810308,Shabanu: Daughter Of The Wind (Border Trilogy),Suzanne Fisher Staples,http://www.openisbn.com/cover/0679810307_72.jpg,Laurel Leaf,256
0679865691,9780679865698,Haveli,Suzanne Fisher Staples,http://www.openisbn.com/cover/0679865691_72.jpg,Laurel Leaf,336
2070423204,9782070423200,Lieux Dits,Michel Tournier,http://www.openisbn.com/cover/2070423204_72.jpg,Gallimard,125
0345260317,9780345260314,The Dragons Of Eden: Speculations On The Evolution Of Human Intelligence,Carl Sagan,http://www.openisbn.com/cover/0345260317_72.jpg,Ballantine Books,0
0394743741,9780394743745,The Yawning Heights,Aleksandr Zinoviev,http://www.openisbn.com/cover/0394743741_72.jpg,Random House,828
042511774X,9780425117743,Breathing Lessons,Anne Tyler,http://www.openisbn.com/cover/042511774X_72.jpg,Berkley,352
0804106304,9780804106306,The Joy Luck Club,Amy Tan,http://www.openisbn.com/cover/0804106304_72.jpg,Ballantine Books,352
1853262404,9781853262401,Heart Of Darkness &amp; Other Stories (Wordsworth Collection),Joseph Conrad,http://www.openisbn.com/cover/1853262404_72.jpg,Wordsworth Editions Ltd,240
0312970242,9780312970246,Deepak Chopra's The Angel Is Near,"Deepak Chopra,Martin Greenberg",http://www.openisbn.com/cover/0312970242_72.jpg,St. Martin's Paperbacks,340
1853260053,9781853260056,Tess Of The D'Urbervilles (Wadsworth Collection),Thomas Hardy,http://www.openisbn.com/cover/1853260053_72.jpg,Wordsworth Edition Ltd,384
1414035004,9781414035000,The Adventures Of Drew And Ellie: The Magical Dress,"Charles Noland,Sherri Baker",http://www.openisbn.com/cover/1414035004_72.jpg,Authorhouse,76
0060938412,9780060938413,The Accidental Virgin,Valerie Frankel,http://www.openisbn.com/cover/0060938412_72.jpg,William Morrow Paperbacks,277
0140067477,9780140067477,The Tao Of Pooh,Benjamin Hoff,http://www.openisbn.com/cover/0140067477_72.jpg,Penguin (Non-Classics),176
0345465083,9780345465085,Seabiscuit: An American Legend,Laura Hillenbrand,http://www.openisbn.com/cover/0345465083_72.jpg,Ballantine Books,453
0451625889,9780451625885,The Prince (Mentor Series),Niccolo Machiavelli,http://www.openisbn.com/cover/0451625889_72.jpg,Signet,0
1558531025,9781558531024,"Life's Little Instruction Book:  511 Suggestions, Observations, And Reminders On How To Live A Happy And Rewarding Life",H. Jackson Brown Jr.,http://www.openisbn.com/cover/1558531025_72.jpg,Rutledge Hill Press,160
0441783589,9780441783588,Starship Troopers,Robert A. Heinlein,http://www.openisbn.com/cover/0441783589_72.jpg,Ace,263
0394895894,9780394895895,"The Ruby In The Smoke (Sally Lockhart Trilogy, Book 1)",Philip Pullman,http://www.openisbn.com/cover/0394895894_72.jpg,Laurel Leaf,230
1569871213,9781569871218,Black Beauty (Illustrated Classics),,http://www.openisbn.com/cover/1569871213_72.jpg,Landoll,240
0375410538,9780375410536,Anil's Ghost,Michael Ondaatje,http://www.openisbn.com/cover/0375410538_72.jpg,Knopf,311
0966986105,9780966986105,Prescription For Terror,Sandra Levy Ceren,http://www.openisbn.com/cover/0966986105_72.jpg,Andrew Scott Pub,240
087113375X,9780871133755,Modern Manners: An Etiquette Book For Rude People,P. J. O'Rourke,http://www.openisbn.com/cover/087113375X_72.jpg,Atlantic Monthly Press,280
0340767936,9780340767931,Turning Thirty,Mike Gayle,http://www.openisbn.com/cover/0340767936_72.jpg,Flame,384
0743403843,9780743403849,Decipher,Stel Pavlou,http://www.openisbn.com/cover/0743403843_72.jpg,Simon &amp; Schuster,816
0060930365,9780060930363,"My First Cousin Once Removed: Money, Madness, And The Family Of Robert Lowell",Sarah Payne Stuart,http://www.openisbn.com/cover/0060930365_72.jpg,Harper Perennial,256
0060177586,9780060177584,Standing Firm: Dan Quayle,Dan Quayle,http://www.openisbn.com/cover/0060177586_72.jpg,HarperCollins,402
0071416331,9780071416337,Team Bush : Leadership Lessons From The Bush White House,"Donald F. Kettl,Donald Kettl",http://www.openisbn.com/cover/0071416331_72.jpg,McGraw-Hill,224
0375509038,9780375509032,"The Right Man: The Surprise Presidency Of George W. Bush, An Inside Account",David Frum,http://www.openisbn.com/cover/0375509038_72.jpg,Random House,320
0553062042,9780553062045,The Daybreakers (The Louis L'Amour Collection),Louis L'Amour,http://www.openisbn.com/cover/0553062042_72.jpg,Bantam Doubleday Dell,198
0316769487,9780316769488,The Catcher In The Rye,J.D. Salinger,http://www.openisbn.com/cover/0316769487_72.jpg,"Little, Brown And Company",224
0679429220,9780679429227,Midnight In The Garden Of Good And Evil,John Berendt,http://www.openisbn.com/cover/0679429220_72.jpg,Random House,388
0671867156,9780671867157,Pretend You Don't See Her,Mary Higgins Clark,http://www.openisbn.com/cover/0671867156_72.jpg,Pocket Books,320
0312252617,9780312252618,Fast Women,Jennifer Crusie,http://www.openisbn.com/cover/0312252617_72.jpg,St. Martin's Press,352
0312261594,9780312261597,Female Intelligence,Jane Heller,http://www.openisbn.com/cover/0312261594_72.jpg,St. Martin's Press,336
0316748641,9780316748643,Pasquale's Nose: Idle Days In An Italian Town,Michael Rips,http://www.openisbn.com/cover/0316748641_72.jpg,Back Bay Books,224
0316973742,9780316973748,The Gospel Of Judas: A Novel,Simon Mawer,http://www.openisbn.com/cover/0316973742_72.jpg,Back Bay Books,352
0385235941,9780385235945,Prize Stories 1987: The O. Henry Awards,William Abrahams,http://www.openisbn.com/cover/0385235941_72.jpg,Doubleday,320
0446677450,9780446677455,"Rich Dad, Poor Dad: What The Rich Teach Their Kids About Money--That The Poor And Middle Class Do Not!","Robert T. Kiyosaki,Sharon L. Lechter",http://www.openisbn.com/cover/0446677450_72.jpg,Business Plus,207
0451166892,9780451166890,The Pillars Of The Earth,Ken Follett,http://www.openisbn.com/cover/0451166892_72.jpg,Signet,983
0553347594,9780553347593,McDonald's: Behind The Arches,John F. Love,http://www.openisbn.com/cover/0553347594_72.jpg,Bantam,496
0671621009,9780671621001,Creating Wealth: Retire In Ten Years Using Allen's Seven Principles Of Wealth!,Robert G. Allen,http://www.openisbn.com/cover/0671621009_72.jpg,Fireside,304
067976397X,9780679763970,Corelli's Mandolin: A Novel,Louis De Bernieres,http://www.openisbn.com/cover/067976397X_72.jpg,Vintage,437
0684822733,9780684822730,"Love, Miracles, And Animal Healing: A Heartwarming Look At The Spiritual Bond Between Animals And Humans","Pam Proctor,Allen M. Schoen",http://www.openisbn.com/cover/0684822733_72.jpg,Fireside,240
0786868716,9780786868711,The Five People You Meet In Heaven,Mitch Albom,http://www.openisbn.com/cover/0786868716_72.jpg,Hyperion,198
0671864769,9780671864767,Relics (Star Trek: The Next Generation),"Michael Jan Friedman,Ronald D. Moore",http://www.openisbn.com/cover/0671864769_72.jpg,Star Trek,239
0671521519,9780671521516,Bless The Beasts And Children,Glendon Swarthout,http://www.openisbn.com/cover/0671521519_72.jpg,Pocket,224
0440222303,9780440222309,"The Touch Of Your Shadow, The Whisper Of Your Name (Babylon 5, Book 5)","Neal Barrett Jr.,J. Michael Straczynski",http://www.openisbn.com/cover/0440222303_72.jpg,Dell,256
0312953453,9780312953454,Blood Oath,David Morrell,http://www.openisbn.com/cover/0312953453_72.jpg,St. Martin's Paperbacks,296
0446608653,9780446608657,The Alibi,Sandra Brown,http://www.openisbn.com/cover/0446608653_72.jpg,Grand Central Publishing,592
0446612545,9780446612548,The Beach House,"James Patterson,Peter De Jonge",http://www.openisbn.com/cover/0446612545_72.jpg,Grand Central Publishing,384
0446612618,9780446612616,A Kiss Remembered,Sandra Brown,http://www.openisbn.com/cover/0446612618_72.jpg,Grand Central Publishing,224
0451208080,9780451208088,The Short Forever (Stone Barrington),Stuart Woods,http://www.openisbn.com/cover/0451208080_72.jpg,Signet,432
0553584383,9780553584387,Dead Aim,Iris Johansen,http://www.openisbn.com/cover/0553584383_72.jpg,Bantam,368
0671027360,9780671027360,Angels &amp; Demons,Dan Brown,http://www.openisbn.com/cover/0671027360_72.jpg,Pocket Star,608
0812575954,9780812575958,The Deal,Joe Hutsko,http://www.openisbn.com/cover/0812575954_72.jpg,Forge,320
0316735736,9780316735735,All He Ever Wanted: A Novel,Anita Shreve,http://www.openisbn.com/cover/0316735736_72.jpg,Back Bay Books,352
0743439740,9780743439749,"Every Breath You Take : A True Story Of Obsession, Revenge, And Murder",Ann Rule,http://www.openisbn.com/cover/0743439740_72.jpg,Pocket Books,704
0345372700,9780345372703,"If I Ever Get Back To Georgia, I'm Gonna Nail My Feet To The Ground",Lewis Grizzard,http://www.openisbn.com/cover/0345372700_72.jpg,Ballantine Books,0
0380619458,9780380619450,The Mosquito Coast,Paul Theroux,http://www.openisbn.com/cover/0380619458_72.jpg,Avon Books (Mm),370
0446325805,9780446325806,"If Love Were Oil, I'd Be About A Quart Low",Lewis Grizzard,http://www.openisbn.com/cover/0446325805_72.jpg,Warner Books,279
0451406923,9780451406927,"Good-Bye, My Little Ones: The True Story Of A Murderous Mother And Five Innocent Victims","Charles Hickey,Todd Lighty,John O'Brien",http://www.openisbn.com/cover/0451406923_72.jpg,Onyx,384
0671042858,9780671042851,The Girl Who Loved Tom Gordon,Stephen King,http://www.openisbn.com/cover/0671042858_72.jpg,Pocket Books,272
0743249992,9780743249997,Bringing Down The House: The Inside Story Of Six M.I.T. Students Who Took Vegas For Millions,Ben Mezrich,http://www.openisbn.com/cover/0743249992_72.jpg,Free Press,257
0840734530,9780840734532,"The Oneprince (The Redaemian Chronicles, Book 1)",Bill Hand,http://www.openisbn.com/cover/0840734530_72.jpg,Thomas Nelson Inc,300
0425184226,9780425184226,The Sum Of All Fears,Tom Clancy,http://www.openisbn.com/cover/0425184226_72.jpg,Berkley,928
0375500766,9780375500763,Care Packages: Letters To Christopher Reeve From Strangers And Other Friends,Dana Reeve,http://www.openisbn.com/cover/0375500766_72.jpg,Random House,192
9724119378,9789724119373,O Deus Das Pequenas Coisas (Spanish Edition),Roy,http://www.openisbn.com/cover/9724119378_72.jpg,Edicoes Asa,0
0451205197,9780451205193,Lady In Green And Minor Indiscretions (Signet Regency Romance),Barbara Metzger,http://www.openisbn.com/cover/0451205197_72.jpg,Signet,480
0060929790,9780060929794,One Hundred Years Of Solitude,Gabriel Garcia Marquez,http://www.openisbn.com/cover/0060929790_72.jpg,Perennial,464
0060976845,9780060976842,Little Altars Everywhere,Rebecca Wells,http://www.openisbn.com/cover/0060976845_72.jpg,Harper Paperbacks,240
0061099325,9780061099328,COYOTE WAITS                MM (Joe Leaphorn/Jim Chee Novels),Tony Hillerman,http://www.openisbn.com/cover/0061099325_72.jpg,HarperTorch,368
0671004573,9780671004576,Before I Say Good-Bye,Mary Higgins Clark,http://www.openisbn.com/cover/0671004573_72.jpg,Pocket Books,416
0446601640,9780446601641,Slow Waltz In Cedar Bend,Robert James Waller,http://www.openisbn.com/cover/0446601640_72.jpg,"Warner Books, Inc.",227
0330484516,9780330484510,Twenty Minute Retreats (A Pan Self-Discovery Title),Rachel Harris,http://www.openisbn.com/cover/0330484516_72.jpg,Pan Macmillan,256
038572179X,9780385721790,Atonement: A Novel,Ian McEwan,http://www.openisbn.com/cover/038572179X_72.jpg,Anchor,368
0393020371,9780393020373,Next: The Future Just Happened,Michael Lewis,http://www.openisbn.com/cover/0393020371_72.jpg,W. W. Norton &amp; Company,192
1900850303,9781900850308,Angelic Darkness,Richard Zimler,http://www.openisbn.com/cover/1900850303_72.jpg,Arcadia Books,247
1903019699,9781903019696,The Soulbane Stratagem: Diabolical Subterfuge Which Threatens To Destroy Us...,Norman Jetmundsen,http://www.openisbn.com/cover/1903019699_72.jpg,John Hunt Pub,290
0345425294,9780345425294,Gangster,Lorenzo Carcaterra,http://www.openisbn.com/cover/0345425294_72.jpg,Fawcett,416
0451410319,9780451410313,Hush,Anne Frasier,http://www.openisbn.com/cover/0451410319_72.jpg,Onyx,384
0553583468,9780553583465,Whisper Of Evil (Evil Trilogy),Kay Hooper,http://www.openisbn.com/cover/0553583468_72.jpg,Bantam,416
0380778556,9780380778553,Rebecca,Daphne Du Maurier,http://www.openisbn.com/cover/0380778556_72.jpg,Avon,384
0451525221,9780451525222,The Scarlet Letter (Signet Classics),"Nathaniel Hawthorne,Leo Marx",http://www.openisbn.com/cover/0451525221_72.jpg,Signet Classics,256
0002740230,9780002740234,Keep It Simple: And Get More Out Of Life,Nick Page,http://www.openisbn.com/cover/0002740230_72.jpg,HarperCollins UK,96
0385336772,9780385336772,Diary Of A Mad Mom-to-Be,Laura Wolf,http://www.openisbn.com/cover/0385336772_72.jpg,Delta,321
0440949424,9780440949428,Locked In Time,Lois Duncan,http://www.openisbn.com/cover/0440949424_72.jpg,Laurel Leaf,210
0505524996,9780505524997,Contact,Susan Grant,http://www.openisbn.com/cover/0505524996_72.jpg,Love Spell,384
0140252800,9780140252804,Brimstone Wedding,Barbara Vine,http://www.openisbn.com/cover/0140252800_72.jpg,Penguin Books Ltd,320
0451452755,9780451452757,The Catswold Portal,Shirley Rousseau Murphy,http://www.openisbn.com/cover/0451452755_72.jpg,Roc,432
0812575482,9780812575484,"Through Wolf's Eyes (Wolf, Book 1)",Jane Lindskold,http://www.openisbn.com/cover/0812575482_72.jpg,Tor Fantasy,608
044651747X,9780446517478,Puerto Vallarta Squeeze,Robert James Waller,http://www.openisbn.com/cover/044651747X_72.jpg,Grand Central Publishing,224
0060801263,9780060801267,A Tree Grows In Brooklyn,Betty Smith,http://www.openisbn.com/cover/0060801263_72.jpg,Harpercollins Publisher,432
0061030147,9780061030147,Cybill Disobedience,"Cybill Shepherd,Aimee Lee Ball",http://www.openisbn.com/cover/0061030147_72.jpg,Avon,352
0140250964,9780140250961,Snow Angels: A Novel,Stewart O'Nan,http://www.openisbn.com/cover/0140250964_72.jpg,Penguin Books,320
0446527165,9780446527163,Wish You Well,David Baldacci,http://www.openisbn.com/cover/0446527165_72.jpg,Warner Books,400
0671461494,9780671461492,The Hitchhiker's Guide To The Galaxy,Douglas Adams,http://www.openisbn.com/cover/0671461494_72.jpg,Pocket,0
0385337639,9780385337632,Crow Lake (Today Show Book Club #7),Mary Lawson,http://www.openisbn.com/cover/0385337639_72.jpg,Dial Press Trade Paperback,320
039575514X,9780395755143,My Antonia,Willa Cather,http://www.openisbn.com/cover/039575514X_72.jpg,Mariner Books,272
0451206673,9780451206671,Pen Pals,Olivia Goldsmith,http://www.openisbn.com/cover/0451206673_72.jpg,Signet,432
0330332775,9780330332774,Bridget Jones's Diary,Helen Fielding,http://www.openisbn.com/cover/0330332775_72.jpg,Picador,320
0486284735,9780486284736,Pride And Prejudice (Dover Thrift Editions),"Jane Austen,Dover Thrift Editions",http://www.openisbn.com/cover/0486284735_72.jpg,Dover Publications,272
0671021745,9780671021740,Eye On Crime: Hardy Boys #153,Franklin W. Dixon,http://www.openisbn.com/cover/0671021745_72.jpg,Aladdin,160
0671047612,9780671047610,Skin And Bones,Franklin W. Dixon,http://www.openisbn.com/cover/0671047612_72.jpg,Aladdin,160
0671504282,9780671504281,"LAW OF THE JUNGLE (HARDY BOYS CASE FILE 105) (Hardy Boys, The)",Franklin W. Dixon,http://www.openisbn.com/cover/0671504282_72.jpg,Simon Pulse,160
0399138684,9780399138683,The Cat Who Came To Breakfast,Lilian Jackson Braun,http://www.openisbn.com/cover/0399138684_72.jpg,Putnam,254
0785263292,9780785263296,"If Singleness Is A Gift, What's The Return Policy?","Holly Virden,Michelle McKinney Hammond",http://www.openisbn.com/cover/0785263292_72.jpg,Thomas Nelson,224
0830714014,9780830714018,Always Daddy's Girl: Understanding Your Father's Impact On Who You Are,H. Norman Wright,http://www.openisbn.com/cover/0830714014_72.jpg,Regal Books,284
0345354931,9780345354938,"Night Mare (The Magic Of Xanth, No. 6)",Piers Anthony,http://www.openisbn.com/cover/0345354931_72.jpg,Del Rey,320
0553278223,9780553278224,The Martian Chronicles (The Grand Master Editions),Ray Bradbury,http://www.openisbn.com/cover/0553278223_72.jpg,Spectra,192
3150000335,9783150000335,Kabale Und Liebe,"Friedrich Schiller,Walter Schafarschik",http://www.openisbn.com/cover/3150000335_72.jpg,"Reclam, Philipp, Jun. GmbH, Verlag",128
3257203659,9783257203653,Der Illustrierte Mann,"Ray Bradbury,Peter Naujack",http://www.openisbn.com/cover/3257203659_72.jpg,Diogenes,320
3257207522,9783257207521,Der König In Gelb: Stories,"Raymond Chandler,Hans Wollschläger",http://www.openisbn.com/cover/3257207522_72.jpg,Diogenes Verlag,352
3257208626,9783257208627,Fahrenheit 451,Ray Bradbury,http://www.openisbn.com/cover/3257208626_72.jpg,Diogenes Verlag,175
3257208634,9783257208634,Die Mars-Chroniken: Roman In Erzählungen,"Ray Bradbury,Thomas Schlück",http://www.openisbn.com/cover/3257208634_72.jpg,Diogenes Verlag,272
3257208669,9783257208665,Das Böse Kommt Auf Leisen Sohlen,"Ray Bradbury,Norbert Wölfl",http://www.openisbn.com/cover/3257208669_72.jpg,Diogenes,272
3257210450,9783257210453,Löwenzahnwein,"Ray Bradbury,Alexander Schmitz",http://www.openisbn.com/cover/3257210450_72.jpg,Diogenes,279
3257212054,9783257212051,Das Kind Von Morgen. Erzählungen.,Ray Bradbury,http://www.openisbn.com/cover/3257212054_72.jpg,Diogenes Verlag,367
3257212429,9783257212426,Die Mechanismen Der Freude. Erzählungen.,Ray Bradbury,http://www.openisbn.com/cover/3257212429_72.jpg,Diogenes Verlag,317
3257214154,9783257214154,Familientreffen - Erzählungen,"Ray Bradbury,Jürgen Bauer,Alastair Ker",http://www.openisbn.com/cover/3257214154_72.jpg,Diogenes,225
3257216416,9783257216417,Der Tod Kommt Schnell In Mexico. Erzählungen.,Ray Bradbury,http://www.openisbn.com/cover/3257216416_72.jpg,Diogenes Verlag,0
3257233051,9783257233056,Veronika Beschließt Zu Sterben,"Paulo Coelho,Maralde Meyer-Minnemann",http://www.openisbn.com/cover/3257233051_72.jpg,Diogenes Verlag,223
342311360X,9783423113601,Die Liebe In Den Zeiten Der Cholera. Roman.,Gabriel García Márquez,http://www.openisbn.com/cover/342311360X_72.jpg,Dtv,503
3423116714,9783423116718,Die Klone Der Joanna May. Roman.,Fay Weldon,http://www.openisbn.com/cover/3423116714_72.jpg,Dtv,323
3423241489,9783423241489,Ist Mein Hintern Wirklich So Dick?,Arabella Weir,http://www.openisbn.com/cover/3423241489_72.jpg,Dtv,240
3426605686,9783426605684,Haifischfrauen,"Kiana Davenport,Margarete Längsfeld",http://www.openisbn.com/cover/3426605686_72.jpg,Droemer Knaur,672
3453212150,9783453212152,Die Cappuccino Jahre,Sue Townsend,http://www.openisbn.com/cover/3453212150_72.jpg,Heyne,0
3462021095,9783462021097,Schwarzer Tee Mit Drei Stück Zucker,Renan Demirkan,http://www.openisbn.com/cover/3462021095_72.jpg,Kiepenheuer &amp; Witsch,139
3492045642,9783492045643,Querschüsse: Downsize This!,"Michael Moore,Helmut Dierlamm,Heike Schlatterer",http://www.openisbn.com/cover/3492045642_72.jpg,Piper,314
3498020862,9783498020866,Die Korrekturen,"Jonathan Franzen,Bettina Abarbanell",http://www.openisbn.com/cover/3498020862_72.jpg,Rowohlt,784
3499110695,9783499110696,Neun Erzählungen,"J. D. Salinger,Annemarie Böll,Heinrich Böll,Elisab",http://www.openisbn.com/cover/3499110695_72.jpg,Rororo,192
3499151502,9783499151507,"Hebt Den Dachbalken Hoch, Zimmerleute Und Seymour Wird Vorgestellt","J. D. Salinger,Annemarie Böll,Heinrich Böll",http://www.openisbn.com/cover/3499151502_72.jpg,Rororo,160
3518111000,9783518111000,Ulysses,"James Joyce,Hans Wollschläger",http://www.openisbn.com/cover/3518111000_72.jpg,Suhrkamp,1014
3548254268,9783548254265,Eine Ganz Normale Affäre,Joanna Trollope,http://www.openisbn.com/cover/3548254268_72.jpg,Ullstein Taschenbuch,320
3570300099,9783570300091,"Das Intimleben Des Adrian Mole, 13 3/4 Jahre","Sue Townsend,Antoinette Gittinger",http://www.openisbn.com/cover/3570300099_72.jpg,Cbt,416
3596292646,9783596292646,Das Buch Der Lächerlichen Liebe,Milan Kundera,http://www.openisbn.com/cover/3596292646_72.jpg,"Fischer (Tb.), Frankfurt",238
0060977493,9780060977498,The God Of Small Things,Arundhati Roy,http://www.openisbn.com/cover/0060977493_72.jpg,Harper Perennial,336
0312872682,9780312872687,The James Dean Affair: A Neil Gulliver &amp; Stevie Marriner Novel,Robert S. Levinson,http://www.openisbn.com/cover/0312872682_72.jpg,Forge,320
0316602906,9780316602907,The Big Bad Wolf,James Patterson,http://www.openisbn.com/cover/0316602906_72.jpg,"Little, Brown And Company",390
0316693006,9780316693004,Four Blind Mice (Alex Cross),James Patterson,http://www.openisbn.com/cover/0316693006_72.jpg,"Little, Brown",400
0345311396,9780345311399,Private Screening,Richard North Patterson,http://www.openisbn.com/cover/0345311396_72.jpg,Ballantine Books,441
0345378490,9780345378491,Congo,Michael Crichton,http://www.openisbn.com/cover/0345378490_72.jpg,Ballantine,0
0345404793,9780345404794,Protect And Defend,Richard North Patterson,http://www.openisbn.com/cover/0345404793_72.jpg,Ballantine Books,608
0345433173,9780345433176,The Tall Pine Polka,Lorna Landvik,http://www.openisbn.com/cover/0345433173_72.jpg,Ballantine Books,448
0375400117,9780375400117,Memoirs Of A Geisha,Arthur Golden,http://www.openisbn.com/cover/0375400117_72.jpg,Knopf,448
0375705856,9780375705854,Plainsong,Kent Haruf,http://www.openisbn.com/cover/0375705856_72.jpg,Vintage,301
0380717018,9780380717019,Body Of Evidence,Patricia D Cornwell,http://www.openisbn.com/cover/0380717018_72.jpg,Avon,0
0380718332,9780380718337,All That Remains (Patricia Cornwell),Patricia D. Cornwell,http://www.openisbn.com/cover/0380718332_72.jpg,Avon,416
0380754509,9780380754502,The Case Of The Lost Look-Alike (An Avon Camelot Book),"Carol J. Farley,Tom Newsom",http://www.openisbn.com/cover/0380754509_72.jpg,Avon Books (Mm),104
038076654X,9780380766543,Petals On The River,Kathleen E. Woodiwiss,http://www.openisbn.com/cover/038076654X_72.jpg,William Morrow Paperbacks,554
0380807866,9780380807864,The Elusive Flame,Kathleen E. Woodiwiss,http://www.openisbn.com/cover/0380807866_72.jpg,Avon,496
0385316895,9780385316897,Legacy Of Silence,Belva Plain,http://www.openisbn.com/cover/0385316895_72.jpg,Delacorte Press,352
0385497466,9780385497466,The Brethren,John Grisham,http://www.openisbn.com/cover/0385497466_72.jpg,Doubleday,366
0385508042,9780385508049,The King Of Torts,John Grisham,http://www.openisbn.com/cover/0385508042_72.jpg,Doubleday,384
0385509456,9780385509459,The Curious Incident Of The Dog In The Night-Time: A Novel,Mark Haddon,http://www.openisbn.com/cover/0385509456_72.jpg,Doubleday,240
0385511612,9780385511612,Bleachers,John Grisham,http://www.openisbn.com/cover/0385511612_72.jpg,Doubleday,176
0385730586,9780385730587,Sisterhood Of The Traveling Pants (Book 1),Ann Brashares,http://www.openisbn.com/cover/0385730586_72.jpg,Ember,336
0425164403,9780425164402,Only Love (Magical Love),Erich Segal,http://www.openisbn.com/cover/0425164403_72.jpg,Berkley,335
0440234964,9780440234968,All Or Nothing,Elizabeth Adler,http://www.openisbn.com/cover/0440234964_72.jpg,Island Books,368
0446605484,9780446605489,Roses Are Red (Alex Cross),James Patterson,http://www.openisbn.com/cover/0446605484_72.jpg,Vision,416
0446610399,9780446610391,The Rescue,Nicholas Sparks,http://www.openisbn.com/cover/0446610399_72.jpg,Grand Central Publishing,432
0449006522,9780449006528,The Manhattan Hunt Club,John Saul,http://www.openisbn.com/cover/0449006522_72.jpg,Ballantine Books,384
0449911004,9780449911006,Patty Jane's House Of Curl (Ballantine Reader's Circle),Lorna Landvik,http://www.openisbn.com/cover/0449911004_72.jpg,Ballantine Books,320
0451162072,9780451162076,Pet Sematary (Signet),Stephen King,http://www.openisbn.com/cover/0451162072_72.jpg,Signet,416
0451186648,9780451186645,Silent Snow,Steve Thayer,http://www.openisbn.com/cover/0451186648_72.jpg,Signet,416
0452282152,9780452282155,Girl With A Pearl Earring,Tracy Chevalier,http://www.openisbn.com/cover/0452282152_72.jpg,Plume,240
051513290X,9780515132908,Summer Of Storms,Judith Kelman,http://www.openisbn.com/cover/051513290X_72.jpg,Jove,400
0553580388,9780553580389,The Patient,Michael Palmer,http://www.openisbn.com/cover/0553580388_72.jpg,Bantam,448
0590598848,9780590598842,"Demona's Revenge (Gargoyles, No. 2)",Francine Hughes,http://www.openisbn.com/cover/0590598848_72.jpg,Scholastic,10
0590629719,9780590629713,Clifford's Sports Day,Norman Bridwell,http://www.openisbn.com/cover/0590629719_72.jpg,Cartwheel,32
0671023616,9780671023614,Postmortem (Kay Scarpetta Mysteries),Patricia Cornwell,http://www.openisbn.com/cover/0671023616_72.jpg,Pocket,352
0671027387,9780671027384,Deception Point,Dan Brown,http://www.openisbn.com/cover/0671027387_72.jpg,Pocket Books,576
0684848783,9780684848785,'Tis: A Memoir,Frank McCourt,http://www.openisbn.com/cover/0684848783_72.jpg,Scribner,368
0743486226,9780743486224,Angels &amp; Demons,Dan Brown,http://www.openisbn.com/cover/0743486226_72.jpg,Atria,572
0786863986,9780786863983,A Monk Swimming,Malachy Mccourt,http://www.openisbn.com/cover/0786863986_72.jpg,Hyperion,304
0803251718,9780803251717,Crazy Horse: The Strange Man Of The Oglalas: A Biography.,Mari Sandoz,http://www.openisbn.com/cover/0803251718_72.jpg,Bison Books (1961),445
0804117934,9780804117937,The Silent Cry (William Monk Novels),Anne Perry,http://www.openisbn.com/cover/0804117934_72.jpg,Ivy Books,368
140003180X,9781400031801,"The Kalahari Typing School For Men (No. 1 Ladies' Detective Agency, Book 4)",Alexander Mccall Smith,http://www.openisbn.com/cover/140003180X_72.jpg,Anchor,192
155874262X,9781558742628,Chicken Soup For The Soul: 101 Stories To Open The Heart And Rekindle The Spirit,"Jack Canfield,Mark Victor Hansen,Barbara Bergman",http://www.openisbn.com/cover/155874262X_72.jpg,"Health Communications, Inc.",308
0060987103,9780060987107,Wicked: The Life And Times Of The Wicked Witch Of The West,Gregory Maguire,http://www.openisbn.com/cover/0060987103_72.jpg,William Morrow Paperbacks,406
0151008116,9780151008117,Life Of Pi,Yann Martel,http://www.openisbn.com/cover/0151008116_72.jpg,Houghton Mifflin Harcourt,336
0375704965,9780375704963,A Judgement In Stone,Ruth Rendell,http://www.openisbn.com/cover/0375704965_72.jpg,Vintage,208
0525947647,9780525947646,Lies (And The Lying Liars Who Tell Them): A Fair And Balanced Look At The Right,Al Franken,http://www.openisbn.com/cover/0525947647_72.jpg,Dutton,368
0804111359,9780804111355,Secret History,Donna Tartt,http://www.openisbn.com/cover/0804111359_72.jpg,Ivy Books,503
1558744150,9781558744158,Chicken Soup For The Woman's Soul: 101 Stories To Open The Hearts And Rekindle The Spirits Of Women (Chicken Soup For The Soul),"Jack Canfield,Mark Victor Hansen,Jennifer Read Haw",http://www.openisbn.com/cover/1558744150_72.jpg,"Health Communications, Inc.",351
0435272683,9780435272685,Great Expectations (Heinemann Guided Readers),John Milne,http://www.openisbn.com/cover/0435272683_72.jpg,Delta Systems Co Inc,96
0316782505,9780316782500,The Weight Of Water,Anita Shreve,http://www.openisbn.com/cover/0316782505_72.jpg,"Little, Brown And Company",304
006102063X,9780061020636,Moving Pictures,Terry Pratchett,http://www.openisbn.com/cover/006102063X_72.jpg,HarperTorch,368
0060013117,9780060013110,Night Watch: A Novel Of Discworld,Terry Pratchett,http://www.openisbn.com/cover/0060013117_72.jpg,Harper,338
0060199563,9780060199562,Thief Of Time,Terry Pratchett,http://www.openisbn.com/cover/0060199563_72.jpg,Harper,336
006052779X,9780060527792,Charlotte's Web,"E. B. White,Garth Williams",http://www.openisbn.com/cover/006052779X_72.jpg,HarperFestival,192
0060563079,9780060563073,Peter Pan: The Original Story,J. M. Barrie,http://www.openisbn.com/cover/0060563079_72.jpg,HarperFestival,240
0060809027,9780060809027,My Friend Flicka,Mary O'Hara,http://www.openisbn.com/cover/0060809027_72.jpg,Harper Paperbacks,300
0061040967,9780061040962,The Last Hero: A Discworld Fable (Discworld Novels),"Terry Pratchett,Paul Kidby",http://www.openisbn.com/cover/0061040967_72.jpg,Harper,160
0061050474,9780061050473,Jingo,Terry Pratchett,http://www.openisbn.com/cover/0061050474_72.jpg,Harper Voyager,336
0061052515,9780061052514,Maskerade,Terry Pratchett,http://www.openisbn.com/cover/0061052515_72.jpg,Harper Voyager,278
0061052523,9780061052521,Interesting Times: A Novel Of Discworld,Terry Pratchett,http://www.openisbn.com/cover/0061052523_72.jpg,Harper Prism,295
0064472264,9780064472265,"On The Bright Side, I'm Now The Girlfriend Of A Sex God: Further Confessions Of Georgia Nicolson (Confessions Of Georgia Nicolson, Book 2)",Louise Rennison,http://www.openisbn.com/cover/0064472264_72.jpg,HarperTeen,272
0140620664,9780140620665,Mansfield Park (Penguin Popular Classics),JANE AUSTEN,http://www.openisbn.com/cover/0140620664_72.jpg,PENGUIN CLASSICS,496
0312148267,9780312148263,The Wind In The Willows (Thomas Dunne Books),Kenneth Grahame,http://www.openisbn.com/cover/0312148267_72.jpg,St. Martin's Griffin,272
0312156960,9780312156961,The Winter King (The Arthur Books #1),Bernard Cornwell,http://www.openisbn.com/cover/0312156960_72.jpg,St. Martin's Griffin,433
0312890044,9780312890049,Moonheart,Charles De Lint,http://www.openisbn.com/cover/0312890044_72.jpg,Orb Books,496
034543191X,9780345431912,The King Of Elfland's Daughter (Del Rey Impact),"Lord Dunsany,Neil Gaiman",http://www.openisbn.com/cover/034543191X_72.jpg,Del Rey,256
0373836023,9780373836024,Powder And Patch,Georgette Heyer,http://www.openisbn.com/cover/0373836023_72.jpg,Mira,282
0375751513,9780375751516,The Picture Of Dorian Gray (Modern Library Classics),"Oscar Wilde,Jeffrey Eugenides",http://www.openisbn.com/cover/0375751513_72.jpg,Modern Library,304
0375801677,9780375801679,The Iron Giant,"Ted Hughes,Andrew Davidson",http://www.openisbn.com/cover/0375801677_72.jpg,Knopf Books For Young Readers,96
0375814248,9780375814242,James And The Giant Peach,"Roald Dahl,Quentin Blake",http://www.openisbn.com/cover/0375814248_72.jpg,Knopf Books For Young Readers,160
0375823352,9780375823350,"The Amber Spyglass (His Dark Materials, Book 3)",Philip Pullman,http://www.openisbn.com/cover/0375823352_72.jpg,Knopf Books For Young Readers,544
037582345X,9780375823459,"The Golden Compass (His Dark Materials, Book 1)",Philip Pullman,http://www.openisbn.com/cover/037582345X_72.jpg,Knopf Books For Young Readers,399
0375823468,9780375823466,"The Subtle Knife (His Dark Materials, Book 2)",Philip Pullman,http://www.openisbn.com/cover/0375823468_72.jpg,Knopf Books For Young Readers,352
0380730448,9780380730445,"The Adrian Mole Diaries : The Secret Diary Of Adrian Mole, Aged 13 3/4 : The Growing Pains Of Adrian Mole",Sue Townsend,http://www.openisbn.com/cover/0380730448_72.jpg,Harper Perennial,293
0380973839,9780380973835,The Martian Chronicles,Ray Bradbury,http://www.openisbn.com/cover/0380973839_72.jpg,William Morrow,288
0385327773,9780385327770,The Great God Pan,Donna Jo Napoli,http://www.openisbn.com/cover/0385327773_72.jpg,Wendy Lamb Books,160
0394586239,9780394586236,Possession: A Romance,A.S. Byatt,http://www.openisbn.com/cover/0394586239_72.jpg,Random House,555
0439510112,9780439510110,Born Confused,Tanuja Desai Hidier,http://www.openisbn.com/cover/0439510112_72.jpg,Scholastic Paperbacks,512
0440241413,9780440241416,Confessions Of A Shopaholic (Shopaholic Series),Sophie Kinsella,http://www.openisbn.com/cover/0440241413_72.jpg,Dell,368
0451409256,9780451409256,Making Minty Malone,Isabel Wolff,http://www.openisbn.com/cover/0451409256_72.jpg,Onyx,432
0451523415,9780451523419,Little Women (Signet Classics),Louisa May Alcott,http://www.openisbn.com/cover/0451523415_72.jpg,Signet Classics,480
0451526279,9780451526274,Emma (Signet Classics),"Jane Austen,Margaret Drabble",http://www.openisbn.com/cover/0451526279_72.jpg,Signet Classics,416
0451526341,9780451526342,Animal Farm,George Orwell,http://www.openisbn.com/cover/0451526341_72.jpg,Signet,0
0486415864,9780486415864,Great Expectations (Dover Thrift Editions),Charles Dickens,http://www.openisbn.com/cover/0486415864_72.jpg,Dover Publications,400
0553280589,9780553280586,Eva Luna,Isabel Allende,http://www.openisbn.com/cover/0553280589_72.jpg,Bantam,320
0571197639,9780571197637,Poisonwood Bible Edition Uk,Barbara Kingsolver,http://www.openisbn.com/cover/0571197639_72.jpg,Faber Faber Inc,571
0670035262,9780670035267,The Green Man : Tales From The Mythic Forest,"Ellen Datlow,Terri Windling,Charles Vess,Neil Gaim",http://www.openisbn.com/cover/0670035262_72.jpg,Viking Juvenile,400
0679423079,9780679423072,Nicholas Nickleby (Everyman's Library (Cloth)),Charles Dickens,http://www.openisbn.com/cover/0679423079_72.jpg,Everyman's Library,914
0679751343,9780679751342,Angels &amp; Insects: Two Novellas,A.S. Byatt,http://www.openisbn.com/cover/0679751343_72.jpg,Vintage,352
0684833395,9780684833392,Catch-22,Joseph Heller,http://www.openisbn.com/cover/0684833395_72.jpg,Simon &amp; Schuster,464
0743245024,9780743245029,The Forsyte Saga (The Man Of Property; In Chancery; To Let),John Galsworthy,http://www.openisbn.com/cover/0743245024_72.jpg,Scribner Paperback Fiction,896
0749748001,9780749748005,Enchanted Wood,Enid Blyton,http://www.openisbn.com/cover/0749748001_72.jpg,Egmont Books,213
0749748028,9780749748029,Folk Of The Faraway Tree,Enid Blyton,http://www.openisbn.com/cover/0749748028_72.jpg,Egmont Books,182
0963094424,9780963094421,Angels And Visitations: A Miscellany,Neil Gaiman,http://www.openisbn.com/cover/0963094424_72.jpg,Dreamhaven Books,168
1401201172,9781401201173,League Of Extraordinary Gentlemen (Vol. 2 ),"Alan Moore,Kevin O'Neill,Ben Dimagmaliw",http://www.openisbn.com/cover/1401201172_72.jpg,WildStorm,224
1563892278,9781563892271,The Sandman Vol. 1: Preludes And Nocturnes,"Neil Gaiman,Sam Kieth,Mike Dringenberg,Malcolm Jon",http://www.openisbn.com/cover/1563892278_72.jpg,DC Comics,240
1563898586,9781563898587,"The League Of Extraordinary Gentlemen, Vol. 1",Alan Moore,http://www.openisbn.com/cover/1563898586_72.jpg,America's Best Comics,176
156971620X,9781569716205,Harlequin Valentine,"Neil Gaiman,John Bolton",http://www.openisbn.com/cover/156971620X_72.jpg,Dark Horse,40
1592571301,9781592571307,American Sign Language In 24 Hours (Alpha Teach Yourself In 24 Hours),Trudy Suggs,http://www.openisbn.com/cover/1592571301_72.jpg,Alpha,496
0374270325,9780374270322,A Man In Full,Tom Wolfe,http://www.openisbn.com/cover/0374270325_72.jpg,Farrar Straus Giroux,742
0375719180,9780375719189,The Miracle Life Of Edgar Mint: A Novel,Brady Udall,http://www.openisbn.com/cover/0375719180_72.jpg,Vintage,432
0440235502,9780440235507,October Sky (The Coalwood Series #1),Homer Hickam,http://www.openisbn.com/cover/0440235502_72.jpg,Dell,428
044023722X,9780440237228,A Painted House,John Grisham,http://www.openisbn.com/cover/044023722X_72.jpg,Dell,480
1573225487,9781573225489,The Romance Reader,Pearl Abraham,http://www.openisbn.com/cover/1573225487_72.jpg,Riverhead Trade,304
1853260673,9781853260674,Far From The Madding Crowd (Wordsworth Classics) (Wordsworth Classics) (Wadsworth Collection),Thomas Hardy,http://www.openisbn.com/cover/1853260673_72.jpg,Wordsworth Editions Ltd,362
0060977477,9780060977474,The Perfect Storm: A True Story Of Men Against The Sea,Sebastian Junger,http://www.openisbn.com/cover/0060977477_72.jpg,Harper Perennial,240
0345391691,9780345391698,The Battle For God,Karen Armstrong,http://www.openisbn.com/cover/0345391691_72.jpg,Ballantine Books,480
0520011171,9780520011175,Sappho: A New Translation,"Mary Barnard,Dudley Fitts",http://www.openisbn.com/cover/0520011171_72.jpg,Univ Of California Pr,114
0553278746,9780553278743,The Postman,David Brin,http://www.openisbn.com/cover/0553278746_72.jpg,Bantam Spectra,336
0670856045,9780670856046,The Tortilla Curtain,"T. C. Boyle,T. Coraghessan Boyle",http://www.openisbn.com/cover/0670856045_72.jpg,The Viking Press,368
0872200760,9780872200760,Symposium,"Plato,Alexander Nehamas,Paul Woodruff",http://www.openisbn.com/cover/0872200760_72.jpg,Hackett Publishing Co,107
0937858994,9780937858998,The What's Happening To My Body? Book For Boys: A Growing Up Guide For Parents And Sons,"Lynda Madaras,Dane Saavedra,Jackie Aher",http://www.openisbn.com/cover/0937858994_72.jpg,Newmarket Pr,251
0671649949,9780671649944,The Object Of My Affection,Stephen Mccauley,http://www.openisbn.com/cover/0671649949_72.jpg,Washington Square Press,316
0590431110,9780590431118,The Journey Home,Isabelle Holland,http://www.openisbn.com/cover/0590431110_72.jpg,Apple,10
0064470113,9780064470117,Taking The Ferry Home,Pam Conrad,http://www.openisbn.com/cover/0064470113_72.jpg,Trophy Pr,0
0553571486,9780553571486,Angel Of Hope (Mercy Trilogy),Lurlene Mcdaniel,http://www.openisbn.com/cover/0553571486_72.jpg,Laurel Leaf,240
0972044205,9780972044202,The Breach,Brian Kaufman,http://www.openisbn.com/cover/0972044205_72.jpg,Last Knight Pub Co,216
0312963009,9780312963002,Neanderthal,John Darnton,http://www.openisbn.com/cover/0312963009_72.jpg,St. Martin's Paperbacks,416
0345430476,9780345430472,A Small Dark Place,Martin Schenk,http://www.openisbn.com/cover/0345430476_72.jpg,Ballantine Books,404
0345435869,9780345435866,The Rivan Codex: Ancient Texts Of THE BELGARIAD And THE MALLOREON,"David Eddings,Leigh Eddings",http://www.openisbn.com/cover/0345435869_72.jpg,Del Rey,480
0380728729,9780380728725,Babyhood,Paul Reiser,http://www.openisbn.com/cover/0380728729_72.jpg,Avon,288
038081840X,9780380818402,Year's Best Fantasy,"David G. Hartwell,Kathryn Cramer",http://www.openisbn.com/cover/038081840X_72.jpg,Eos,512
0449912302,9780449912300,Dave Barry In Cyberspace,Dave Barry,http://www.openisbn.com/cover/0449912302_72.jpg,Ballantine Books,224
055329198X,9780553291988,Wolf Moon,John R. Holt,http://www.openisbn.com/cover/055329198X_72.jpg,Spectra,480
0671018930,9780671018931,Eternal Warriors: The War In Heaven (Book One),Theodore Beale,http://www.openisbn.com/cover/0671018930_72.jpg,Pocket Books,0
0812541642,9780812541649,Waiting,Frank M. Robinson,http://www.openisbn.com/cover/0812541642_72.jpg,Tor Books,368
0312988699,9780312988692,Nowhere To Run,Mary Jane Clark,http://www.openisbn.com/cover/0312988699_72.jpg,St. Martin's Paperbacks,352
0486282112,9780486282114,Frankenstein (Dover Thrift Editions),"Mary Shelley,Dover Thrift Editions",http://www.openisbn.com/cover/0486282112_72.jpg,Dover Publications,166
0670815373,9780670815371,Urn Burial,Robert Westall,http://www.openisbn.com/cover/0670815373_72.jpg,Viking Children's Books,160
0385313748,9780385313742,All Our Yesterdays,Robert B. Parker,http://www.openisbn.com/cover/0385313748_72.jpg,Delacorte Press,401
1575843366,9781575843360,What Shall I Be (Barbie Carryalong),Rita Chapman Works,http://www.openisbn.com/cover/1575843366_72.jpg,Reader's Digest,20
0684193957,9780684193953,All That Remains,Patricia Cornwell,http://www.openisbn.com/cover/0684193957_72.jpg,Scribner,416
0345371984,9780345371980,Last Chance To See,"Douglas Adams,Mark Carwardine",http://www.openisbn.com/cover/0345371984_72.jpg,Ballantine Books,256
0380730138,9780380730131,Vinegar Hill (Oprah's Book Club),A. Manette Ansay,http://www.openisbn.com/cover/0380730138_72.jpg,Harper Perennial,256
1573228737,9781573228732,Affinity,Sarah Waters,http://www.openisbn.com/cover/1573228737_72.jpg,Riverhead Trade,368
9681500555,9789681500559,Diario De Ana Frank,Anne Frank,http://www.openisbn.com/cover/9681500555_72.jpg,"Editores Mexicanos Unidos, S.A.",207
0380711109,9780380711109,Desert Notes: Reflections In The Eye Of A Ravens And River Notes: The Dance Of Herons,Barry Lopez,http://www.openisbn.com/cover/0380711109_72.jpg,Quill (HarperCollins),144
0452283914,9780452283916,"The Best Democracy Money Can Buy: The Truth About Corporate Cons, Globalization And High-Finance Fraudsters",Greg Palast,http://www.openisbn.com/cover/0452283914_72.jpg,Plume,384
0425120279,9780425120279,The Hunt For Red October,Tom Clancy,http://www.openisbn.com/cover/0425120279_72.jpg,Berkley,432
067153484X,9780671534844,The Music Box,Andrea Kane,http://www.openisbn.com/cover/067153484X_72.jpg,Pocket,416
0380728273,9780380728275,Liberty Falling (Anna Pigeon Mysteries),Nevada Barr,http://www.openisbn.com/cover/0380728273_72.jpg,Avon,384
0446606197,9780446606196,Killer Market (Deborah Knott Mysteries),Margaret Maron,http://www.openisbn.com/cover/0446606197_72.jpg,Grand Central Publishing,304
0771076002,9780771076008,Remembering Peter Gzowski: A Book Of Tributes,"Edna Barker,Shelagh Rogers",http://www.openisbn.com/cover/0771076002_72.jpg,Douglas Gibson Books,224
0771088191,9780771088193,The Best Canadian Animal Stories: Classic Tales By Master Storytellers,Muriel Whitaker,http://www.openisbn.com/cover/0771088191_72.jpg,McClelland &amp; Stewart,256
1559703237,9781559703239,Trying To Save Piggy Sneed,John Irving,http://www.openisbn.com/cover/1559703237_72.jpg,Arcade Publishing,432
3596214629,9783596214624,Herr Der Fliegen,"William Golding,Hermann Stiehl",http://www.openisbn.com/cover/3596214629_72.jpg,"Fischer (Tb.), Frankfurt",288
0062770500,9780062770509,Access: Seattle (Access Guides),HarperReference,http://www.openisbn.com/cover/0062770500_72.jpg,HarperReference,160
0671847546,9780671847548,Real Guide: California And The West Coast (The Real Guides),LTD,http://www.openisbn.com/cover/0671847546_72.jpg,"Hungry Minds Inc,U.S.",657
0060188731,9780060188733,Bel Canto: A Novel,Ann Patchett,http://www.openisbn.com/cover/0060188731_72.jpg,Harper,336
0140374248,9780140374247,James And The Giant Peach,"Roald Dahl,Lane Smith",http://www.openisbn.com/cover/0140374248_72.jpg,Puffin,144
0142001740,9780142001745,The Secret Life Of Bees - A Novel,"Sue Monk; Sue Monk Kidd Kidd,Roseanne J. Serra (Co",http://www.openisbn.com/cover/0142001740_72.jpg,Penguin Books/ Published By The Penguin Group,0
0195086295,9780195086294,What A Wonderful World: A Lifetime Of Recordings,"Bob Thiele,Bob Golden,Steve Allen",http://www.openisbn.com/cover/0195086295_72.jpg,"Oxford University Press, USA",200
0312995423,9780312995423,Digital Fortress: A Thriller,Dan Brown,http://www.openisbn.com/cover/0312995423_72.jpg,St. Martin's Paperbacks,448
0380704587,9780380704583,The Ladies Of Missalonghi,Colleen Mccullough,http://www.openisbn.com/cover/0380704587_72.jpg,Avon,189
0380815923,9780380815920,Blackberry Wine: A Novel,Joanne Harris,http://www.openisbn.com/cover/0380815923_72.jpg,William Morrow Paperbacks,368
0385416342,9780385416344,The Firm,John Grisham,http://www.openisbn.com/cover/0385416342_72.jpg,Doubleday,432
0385418493,9780385418492,How The Irish Saved Civilization (Hinges Of History),Thomas Cahill,http://www.openisbn.com/cover/0385418493_72.jpg,Anchor,256
038542471X,9780385424714,The Client,John Grisham,http://www.openisbn.com/cover/038542471X_72.jpg,Doubleday,422
0425098109,9780425098103,Thieves Of Light (Photon : The Ultimate Game On Planet Earth),Michael Hudson,http://www.openisbn.com/cover/0425098109_72.jpg,Berkley,215
0449005410,9780449005415,Horse Heaven (Ballantine Reader's Circle),Jane Smiley,http://www.openisbn.com/cover/0449005410_72.jpg,Ballantine Books,592
0449202631,9780449202630,The Danger,Dick Francis,http://www.openisbn.com/cover/0449202631_72.jpg,Fawcett,0
0449207544,9780449207543,Proof,Dick Francis,http://www.openisbn.com/cover/0449207544_72.jpg,Fawcett,342
0515128554,9780515128550,"Heart Of The Sea  (Irish Trilogy, Book 3)",Nora Roberts,http://www.openisbn.com/cover/0515128554_72.jpg,Jove,400
0517577402,9780517577400,Mostly Harmless,Douglas Adams,http://www.openisbn.com/cover/0517577402_72.jpg,Harmony,5
0590450875,9780590450874,I Spy: A Book Of Picture Riddles,"Jean Marzollo,Walter Wick,Carol Devine Carson",http://www.openisbn.com/cover/0590450875_72.jpg,Cartwheel,40
0590481371,9780590481373,I Spy Spooky Night: A Book Of Picture Riddles,"Jean Marzollo,Walter Wick",http://www.openisbn.com/cover/0590481371_72.jpg,Cartwheel,40
067103619X,9780671036195,Lake News,Barbara Delinsky,http://www.openisbn.com/cover/067103619X_72.jpg,Pocket,544
0684177730,9780684177731,The SKULL BENEATH THE SKIN,P. D. James,http://www.openisbn.com/cover/0684177730_72.jpg,Scribner,328
0684180200,9780684180205,The New Shoe,Arthur W. Upfield,http://www.openisbn.com/cover/0684180200_72.jpg,Scribner Paper Fiction,192
0743411269,9780743411264,An Accidental Woman,Barbara Delinsky,http://www.openisbn.com/cover/0743411269_72.jpg,Pocket Books,544
0743470389,9780743470384,The Snow Garden,Christopher Rice,http://www.openisbn.com/cover/0743470389_72.jpg,Pocket Star,544
076218857X,9780762188574,The Doorbell Rang (The Best Mysteries Of All Time),Rex Stout,http://www.openisbn.com/cover/076218857X_72.jpg,Readers Digest Assn,207
0767905938,9780767905930,A Year By The Sea: Thoughts Of An Unfinished Woman,Joan Anderson,http://www.openisbn.com/cover/0767905938_72.jpg,Broadway,208
0800706544,9780800706548,Though I Walk Through The Valley,Vance Havner,http://www.openisbn.com/cover/0800706544_72.jpg,Fleming H. Revell Co.,128
0801096677,9780801096679,Victorious Christians You Should Know,Warren W. Wiersbe,http://www.openisbn.com/cover/0801096677_72.jpg,Baker Books,131
0849953014,9780849953019,Life Lessons With Max Lucado: Book Of Hebrews,Max Lucado,http://www.openisbn.com/cover/0849953014_72.jpg,Thomas Nelson,120
0891091963,9780891091967,Inside Out: Real Change Is Possible If You're Willing To Start From The Inside Out,Larry Crabb,http://www.openisbn.com/cover/0891091963_72.jpg,Navpress,223
0915811537,9780915811533,Son Rise: The Miracle Continues,Barry Neil Kaufman,http://www.openisbn.com/cover/0915811537_72.jpg,H J Kramer,320
0927545373,9780927545372,Unveiled At Last: Discover God's Hidden Message From Genesis To Revelation,Bob Sjogren,http://www.openisbn.com/cover/0927545373_72.jpg,YWAM Publishing,192
1575024179,9781575024172,The Day I Almost Quit,Frederick J. Moody,http://www.openisbn.com/cover/1575024179_72.jpg,F.J. Moody,164
1880185008,9781880185001,"Serving As Senders: How To Care For Your Missionaries While They Are Preparing To Go, While They Are On The Field, When They Return Home",Neal Pirolo,http://www.openisbn.com/cover/1880185008_72.jpg,Emmaus Road Intl,208
0140345809,9780140345803,House Of Stairs,William Sleator,http://www.openisbn.com/cover/0140345809_72.jpg,Puffin,176
0156528207,9780156528207,The Little Prince,Antoine De Saint-Exupery,http://www.openisbn.com/cover/0156528207_72.jpg,HARVEST BOOK,0
0380012863,9780380012862,Jonathan Livingston Seagull,Richard Bach,http://www.openisbn.com/cover/0380012863_72.jpg,Avon,128
0451154916,9780451154910,The Crystal Handbook (Signet),Kevin Sullivan,http://www.openisbn.com/cover/0451154916_72.jpg,Signet,224
0785815147,9780785815143,Simple Wicca (Simple Wisdom Book),Michele Morgan,http://www.openisbn.com/cover/0785815147_72.jpg,Castle Books,170
0875421288,9780875421285,"The Complete Book Of Incense, Oils And Brews (Llewellyn's Practical Magick)",Scott Cunningham,http://www.openisbn.com/cover/0875421288_72.jpg,Llewellyn Publications,288
1567184294,9781567184297,"The Western Mysteries: An Encyclopedic Guide To The Sacred Languages &amp; Magickal Systems Of The World- The Key Of It All, Book 2 (Llewellyn Sourcebook Series)",David Allen Hulse,http://www.openisbn.com/cover/1567184294_72.jpg,Llewellyn Publications,704
156718796X,9781567187960,Astral Travel For Beginners: Transcend Time And Space With Out-of-Body Experiences (For Beginners (Llewellyn's)),Richard Webster,http://www.openisbn.com/cover/156718796X_72.jpg,Llewellyn Publications,256
1862047626,9781862047624,New Perspectives: Runes,Bernard King,http://www.openisbn.com/cover/1862047626_72.jpg,Element Books,128
0020437501,9780020437505,Rosie'S Walk,"Pat Hutchins,Pat Hutchins",http://www.openisbn.com/cover/0020437501_72.jpg,Aladdin,32
0198320264,9780198320265,Julius Caesar (Oxford School Shakespeare),"William Shakespeare,Roma Gill",http://www.openisbn.com/cover/0198320264_72.jpg,"Oxford University Press, USA",160
0373196989,9780373196982,Santa Brought A Son: Marrying The Boss's Daughter (Silhouette Romance),Melissa McClone,http://www.openisbn.com/cover/0373196989_72.jpg,Silhouette,192
0373245580,9780373245581,Marry Me ... Again: Montana Mavericks (Silhouette Special Edition),Cheryl St. John,http://www.openisbn.com/cover/0373245580_72.jpg,Silhouette,256
0451527747,9780451527745,Alice's Adventures In Wonderland And Through The Looking Glass (Signet Classics),"Lewis Carroll,Martin Gardner",http://www.openisbn.com/cover/0451527747_72.jpg,Signet Classics,240
0671867113,9780671867119,Moonlight Becomes You,Mary Higgins Clark,http://www.openisbn.com/cover/0671867113_72.jpg,Pocket Books,352
0812504208,9780812504200,The Adventures Of Tom Sawyer,Mark Twain,http://www.openisbn.com/cover/0812504208_72.jpg,Aerie,256
0060173289,9780060173289,Divine Secrets Of The Ya-Ya Sisterhood: A Novel,Rebecca Wells,http://www.openisbn.com/cover/0060173289_72.jpg,Harper,368
0060973897,9780060973896,Lakota Woman,"Mary Crow Dog,Richard Erdoes",http://www.openisbn.com/cover/0060973897_72.jpg,Harper Perennial,263
006101351X,9780061013515,The Perfect Storm: A True Story Of Men Against The Sea,Sebastian Junger,http://www.openisbn.com/cover/006101351X_72.jpg,HarperTorch,320
0140104682,9780140104684,Heroes Of Their Own Lives: The Politics And History Of Family Violence,Linda Gordon,http://www.openisbn.com/cover/0140104682_72.jpg,Penguin Books,416
0312143370,9780312143374,The Florence King Reader,Florence King,http://www.openisbn.com/cover/0312143370_72.jpg,St. Martin's Griffin,448
0316666343,9780316666343,The Lovely Bones: A Novel,Alice Sebold,http://www.openisbn.com/cover/0316666343_72.jpg,Little Brown,328
039456894X,9780394568942,Impossible Vacation,Spalding Gray,http://www.openisbn.com/cover/039456894X_72.jpg,Alfred A. Knopf,228
0440224675,9780440224679,Hannibal,Thomas Harris,http://www.openisbn.com/cover/0440224675_72.jpg,Dell,560
0449002632,9780449002636,London: The Novel,Edward Rutherfurd,http://www.openisbn.com/cover/0449002632_72.jpg,Fawcett,1152
0449213773,9780449213773,Life Before Man,Margaret Atwood,http://www.openisbn.com/cover/0449213773_72.jpg,Fawcett,0
0452279690,9780452279698,Cavedweller: A Novel,Dorothy Allison,http://www.openisbn.com/cover/0452279690_72.jpg,Plume,434
0553569058,9780553569056,The Robber Bride,Margaret Atwood,http://www.openisbn.com/cover/0553569058_72.jpg,Bantam,0
0679427430,9780679427438,Wouldn't Take Nothing For My Journey Now,Maya Angelou,http://www.openisbn.com/cover/0679427430_72.jpg,Random House,160
0679725393,9780679725398,House Of Mirth,Edith Wharton,http://www.openisbn.com/cover/0679725393_72.jpg,Vintage Books - Library Of America,371
0802114369,9780802114365,Ohitika Woman,Mary Brave Bird,http://www.openisbn.com/cover/0802114369_72.jpg,Grove Pr,274
0803233019,9780803233010,Black Elk Speaks: Being The Life Story Of A Holy Man Of The Oglala Sioux,"John G. Neihardt,Vine Deloria Jr.",http://www.openisbn.com/cover/0803233019_72.jpg,University Of Nebraska Press,298
0819154946,9780819154941,The  Community In America,Roland Warren,http://www.openisbn.com/cover/0819154946_72.jpg,University Press Of America,458
0897322339,9780897322331,"The Best In Tent Camping: Smoky Mountains : A Guide For Campers Who Hate Rvs, Concrete Slabs, And Loud Portable Stereos (Best In Tent Camping Colorado)",Johnny Molloy,http://www.openisbn.com/cover/0897322339_72.jpg,Menasha Ridge Pr,170
0940322978,9780940322974,Mawrdew Czgowchwz (New York Review Books Classics),"James McCourt,Wayne Koestenbaum",http://www.openisbn.com/cover/0940322978_72.jpg,NYRB Classics,221
1573225126,9781573225120,Prozac Nation,Elizabeth Wurtzel,http://www.openisbn.com/cover/1573225126_72.jpg,Riverhead Trade,368
1579651658,9781579651657,The Journey From Here,Bill Bradley,http://www.openisbn.com/cover/1579651658_72.jpg,Artisan,166
1878424319,9781878424310,The Four Agreements: A Practical Guide To Personal Freedom (A Toltec Wisdom Book),Don Miguel Ruiz,http://www.openisbn.com/cover/1878424319_72.jpg,Amber-Allen Pub,138
0600586898,9780600586890,Blur (Melody Maker),Paul Lester,http://www.openisbn.com/cover/0600586898_72.jpg,Hal Leonard Corp,80
1853260622,9781853260629,War And Peace (Wordsworth Classics) (Wadsworth Collection),Leo Tolstoy,http://www.openisbn.com/cover/1853260622_72.jpg,NTC/Contemporary Publishing Company,1024
1857938011,9781857938012,A-Z Of Behaving Badly,Simon Nye,http://www.openisbn.com/cover/1857938011_72.jpg,Trafalgar Square,112
0060804157,9780060804152,He Understanding Masculine Psychology (Perennial Library),Robert A Johnson,http://www.openisbn.com/cover/0060804157_72.jpg,Harpercollins Publisher,83
0140382658,9780140382655,You Can Surf The Net!: Your Guide To The World Of The Internet,Marc Gascoigne,http://www.openisbn.com/cover/0140382658_72.jpg,Puffin,160
0152012966,9780152012960,I Want To Be A Veterinarian,Stephanie Maze,http://www.openisbn.com/cover/0152012966_72.jpg,Harcourt Children's Books,48
0312283784,9780312283780,Alice's Tulips: A Novel,Sandra Dallas,http://www.openisbn.com/cover/0312283784_72.jpg,St. Martin's Griffin,256
0345297709,9780345297709,"Centaur Aisle (The Magic Of Xanth, No. 4)",Piers Anthony,http://www.openisbn.com/cover/0345297709_72.jpg,Del Rey,0
0345313097,9780345313096,"Crewel Lye: A Caustic Yarn (The Magic Of Xanth, No. 8)",Piers Anthony,http://www.openisbn.com/cover/0345313097_72.jpg,Del Rey,320
0345335465,9780345335463,Dragonflight (Dragonriders Of Pern - Volume 1),Anne McCaffrey,http://www.openisbn.com/cover/0345335465_72.jpg,Ballantine Books,320
0345416848,9780345416841,Last Sword Of Power,David Gemmell,http://www.openisbn.com/cover/0345416848_72.jpg,Del Rey,310
0385333404,9780385333405,Dating Big Bird,Laura Zigman,http://www.openisbn.com/cover/0385333404_72.jpg,The Dial Press,256
044021145X,9780440211457,The Firm,John Grisham,http://www.openisbn.com/cover/044021145X_72.jpg,Dell Publishing Company,501
0449212084,9780449212080,Murder At The Kennedy Center (Capital Crime Mysteries),Margaret Truman,http://www.openisbn.com/cover/0449212084_72.jpg,Fawcett,352
0553582682,9780553582680,"Guinness World Records 2000 (Guinness Book Of Records, 2000)",Mark C. Young,http://www.openisbn.com/cover/0553582682_72.jpg,Bantam,576
0590947257,9780590947251,Forever Amber Brown,"Paula Danziger,Tony Ross",http://www.openisbn.com/cover/0590947257_72.jpg,Scholastic Paperbacks,112
074345829X,9780743458290,The Dungeon,"Richard A. Lupoff,Bruce Coville",http://www.openisbn.com/cover/074345829X_72.jpg,I Books,704
0786913878,9780786913879,Pool Of Radiance: The Ruins Of Myth Drannor (Forgotten Realms),Carrie A. Bebris,http://www.openisbn.com/cover/0786913878_72.jpg,Wizards Of The Coast,320
0801491827,9780801491825,"Feminism And Suffrage: The Emergence Of An Independent Women's Movement In America, 1848-1869",Ellen Carol Dubois,http://www.openisbn.com/cover/0801491827_72.jpg,Cornell Univ Pr,224
0816729913,9780816729913,Why Are Boys So Weird (Tales From Third Grade),Candice F. Ransom,http://www.openisbn.com/cover/0816729913_72.jpg,Troll Communications Llc,126
0843136685,9780843136685,"Sheldon And Mrs. Levine,  An Excruciating Correspondence","Sam Bobrick,Julie Stein,Price Stern Sloan",http://www.openisbn.com/cover/0843136685_72.jpg,PSS Adult,43
0866119531,9780866119535,Black Beauty (Great Illustrated Classics (Playmore)),"Anna, And Vogel, Malvina (Editor) Sewell",http://www.openisbn.com/cover/0866119531_72.jpg,Playmore Publishers,240
0866119566,9780866119566,Oliver Twist (Great Illustrated Classics),"Charles Dickens,Marian Leighton",http://www.openisbn.com/cover/0866119566_72.jpg,Abdo Pub Co,240
0870441663,9780870441660,The Wild Ponies Of Assateague Island (Books For Young Explorers),"Donna K. Grosvenor,James L. Stanfield",http://www.openisbn.com/cover/0870441663_72.jpg,MapQuest.com,31
1561561428,9781561561421,Frankenstein (Illustrated Classics Series),"Mary Wollstonecraft Shelley,D. J. Arneson,Eva Clif",http://www.openisbn.com/cover/1561561428_72.jpg,Kidsbooks,128
0553210092,9780553210095,The Scarlet Letter (Bantam Classics),Nathaniel Hawthorne,http://www.openisbn.com/cover/0553210092_72.jpg,Bantam Classics,256
0553258524,9780553258523,Dragonsong (Volume One Of The Harper Hall Trilogy),Anne McCaffrey,http://www.openisbn.com/cover/0553258524_72.jpg,Spectra Bantam,176
0688163726,9780688163723,The Watch House,Robert Westall,http://www.openisbn.com/cover/0688163726_72.jpg,Greenwillow Books,224
1569471096,9781569471098,Was It Something I Said?,Valerie Block,http://www.openisbn.com/cover/1569471096_72.jpg,Soho Press,359
055358099X,9780553580990,Cloud Nine,Luanne Rice,http://www.openisbn.com/cover/055358099X_72.jpg,Bantam,400
0316168815,9780316168816,The Lovely Bones,Alice Sebold,http://www.openisbn.com/cover/0316168815_72.jpg,Back Bay Books,352
014023828X,9780140238280,The Tortilla Curtain,T. Coraghessan Boyle,http://www.openisbn.com/cover/014023828X_72.jpg,Penguin Books,355
0316314927,9780316314923,Sarah Conley,Ellen Gilchrist,http://www.openisbn.com/cover/0316314927_72.jpg,Back Bay Books,259
0345424719,9780345424716,A Widow For One Year,John Irving,http://www.openisbn.com/cover/0345424719_72.jpg,Ballantine Books,576
0375414746,9780375414749,The Clearing,Tim Gautreaux,http://www.openisbn.com/cover/0375414746_72.jpg,Knopf,320
0375726403,9780375726408,Empire Falls,Richard Russo,http://www.openisbn.com/cover/0375726403_72.jpg,Vintage,496
0385503857,9780385503853,Oryx And Crake,Margaret Atwood,http://www.openisbn.com/cover/0385503857_72.jpg,Nan A. Talese,383
0425156842,9780425156841,Sophie's World: A Novel About The History Of Philosophy (Berkeley Signature Edition),Jostein Gaarder,http://www.openisbn.com/cover/0425156842_72.jpg,Berkley Trade,544
0440226104,9780440226109,Black And Blue: A Novel (Oprah's Book Club),Anna Quindlen,http://www.openisbn.com/cover/0440226104_72.jpg,Dell,384
0452277337,9780452277335,Le Divorce (William Abrahams Book),Diane Johnson,http://www.openisbn.com/cover/0452277337_72.jpg,Plume,320
0553802488,9780553802481,The Face,Dean Koontz,http://www.openisbn.com/cover/0553802488_72.jpg,Bantam,608
0671021001,9780671021009,She's Come Undone (Oprah's Book Club),Wally Lamb,http://www.openisbn.com/cover/0671021001_72.jpg,Pocket Books,480
0767903579,9780767903578,Falling Leaves: The Memoir Of An Unwanted Chinese Daughter,Adeline Yen Mah,http://www.openisbn.com/cover/0767903579_72.jpg,Broadway,278
0805063897,9780805063899,Nickel And Dimed: On (Not) Getting By In America,Barbara Ehrenreich,http://www.openisbn.com/cover/0805063897_72.jpg,Holt Paperbacks,240
0679777431,9780679777434,"The Game Of Kings (Lymond Chronicles, 1)",Dorothy Dunnett,http://www.openisbn.com/cover/0679777431_72.jpg,Vintage Books,543
0553285343,9780553285345,The Russia House,John LeCarre,http://www.openisbn.com/cover/0553285343_72.jpg,Bantam Books,0
0486285529,9780486285528,Solv-a-Crime Puzzles (Dover Game &amp; Puzzle Activity Books),Singer Media Corporation,http://www.openisbn.com/cover/0486285529_72.jpg,Dover Publications,96
0671002481,9780671002480,The First Wives Club Movie Tie In,Olivia Goldsmith,http://www.openisbn.com/cover/0671002481_72.jpg,Pocket,528
0812523385,9780812523386,Selected Poems Of Emily Dickinson,Emily Dickinson,http://www.openisbn.com/cover/0812523385_72.jpg,Tor Classics,96
0895774666,9780895774668,Watercolor School (Learn As You Go),Hazel Harrison,http://www.openisbn.com/cover/0895774666_72.jpg,Readers Digest,176
0020199090,9780020199090,Joshua In The Holy Land,Joseph Girzone,http://www.openisbn.com/cover/0020199090_72.jpg,Simon Schuster Trade,0
0385495145,9780385495141,The Messenger,Joseph F. Girzone,http://www.openisbn.com/cover/0385495145_72.jpg,Image,105
0679733825,9780679733829,Sisters Of The Earth: Women's Prose And Poetry About Nature,Lorraine Anderson,http://www.openisbn.com/cover/0679733825_72.jpg,Vintage,448
0842329129,9780842329125,Left Behind: A Novel Of The Earth's Last Days (Left Behind No. 1),"Tim LaHaye,Jerry B. Jenkins",http://www.openisbn.com/cover/0842329129_72.jpg,Tynndale Publishing House,320
0345451260,9780345451262,Househusband,Ad Hudler,http://www.openisbn.com/cover/0345451260_72.jpg,Ballantine Books,304
0740700235,9780740700231,Life Messages: Inspiration For The Woman's Spirit,Josephine Carlton,http://www.openisbn.com/cover/0740700235_72.jpg,Andrews McMeel Publishing,304
0380973545,9780380973545,Letters From A Nut,"Ted L. Nancy,Jerry Seinfeld",http://www.openisbn.com/cover/0380973545_72.jpg,It Books,192
0393321576,9780393321579,Karl Marx: A Life,Francis Wheen,http://www.openisbn.com/cover/0393321576_72.jpg,W. W. Norton &amp; Company,448
0743424425,9780743424424,The Shining,Stephen King,http://www.openisbn.com/cover/0743424425_72.jpg,Pocket Books,704
0786868015,9780786868018,The Diary Of Ellen Rimbauer: My Life At Rose Red,"Ellen Rimbauer,Joyce Reardon,Steven Rimbauer",http://www.openisbn.com/cover/0786868015_72.jpg,Hyperion,288
0446610178,9780446610179,The Sky Is Falling,Sidney Sheldon,http://www.openisbn.com/cover/0446610178_72.jpg,Grand Central Publishing,416
0684854953,9780684854953,Santa &amp; Pete: A Novel Of Christmas Present And Past,"Christopher Moore,Pamela Johnson",http://www.openisbn.com/cover/0684854953_72.jpg,Simon &amp; Schuster,176
0743229878,9780743229876,Mount Vernon Love Story: A Novel Of George And Martha Washington,Mary Higgins Clark,http://www.openisbn.com/cover/0743229878_72.jpg,Simon &amp; Schuster,224
0380617625,9780380617623,The Kingdom: Arabia And The House Of Sa'Ud,Robert Lacey,http://www.openisbn.com/cover/0380617625_72.jpg,Avon Books (Mm),0
0380732335,9780380732333,Florida Road Kill: A Novel,Tim Dorsey,http://www.openisbn.com/cover/0380732335_72.jpg,HarperTorch,384
0385337132,9780385337137,The 37th Hour,Jodi Compton,http://www.openisbn.com/cover/0385337132_72.jpg,Delacorte Press,336
0440235057,9780440235057,Be Cool,Elmore Leonard,http://www.openisbn.com/cover/0440235057_72.jpg,Dell,368
0445402040,9780445402041,The Hunted,Elmore Leonard,http://www.openisbn.com/cover/0445402040_72.jpg,Popular Library,295
0618119760,9780618119769,The Saints Of Big Harbour: A Novel,Lynn Coady,http://www.openisbn.com/cover/0618119760_72.jpg,Houghton Mifflin Harcourt,336
0871138646,9780871138644,Old Flames,John Lawton,http://www.openisbn.com/cover/0871138646_72.jpg,Atlantic,0
0026329859,9780026329859,From The Earth: Chinese Vegetarian Cooking,Eileen Yin-Fei Lo,http://www.openisbn.com/cover/0026329859_72.jpg,John Wiley &amp; Sons Inc,336
0060621257,9780060621254,Living In The Presence: Disciplines For The Spiritual Heart,Tilden Edwards,http://www.openisbn.com/cover/0060621257_72.jpg,Harpercollins,164
0060915544,9780060915544,The Bean Trees,Barbara Kingsolver,http://www.openisbn.com/cover/0060915544_72.jpg,Harper Perennial,240
0060917016,9780060917012,Homeland And Other Stories,Barbara Kingsolver,http://www.openisbn.com/cover/0060917016_72.jpg,Harper Perennial,256
0060925000,9780060925000,A Suitable Boy,Vikram Seth,http://www.openisbn.com/cover/0060925000_72.jpg,HarperPerennial,1488
0060932759,9780060932756,Daughter Of Fortune,Isabel Allende,http://www.openisbn.com/cover/0060932759_72.jpg,Harper Perennial,416
0061000280,9780061000287,The Fly On The Wall,Tony Hillerman,http://www.openisbn.com/cover/0061000280_72.jpg,HarperTorch,368
0192815318,9780192815316,Cranford (The World's Classics),"Elizabeth Gaskell,Elizabeth Porges Watson",http://www.openisbn.com/cover/0192815318_72.jpg,"Oxford University Press, USA",212
0312195516,9780312195519,The Red Tent,Anita Diamant,http://www.openisbn.com/cover/0312195516_72.jpg,Picador,321
0380792664,9780380792665,The Right Hand Of Amon,Lauren Haney,http://www.openisbn.com/cover/0380792664_72.jpg,Avon,320
0393048977,9780393048971,Last Blue: Poems,Gerald Stern,http://www.openisbn.com/cover/0393048977_72.jpg,W. W. Norton &amp; Company,112
0399137807,9780399137808,The Cat Who Wasn't There,Lilian Jackson Braun,http://www.openisbn.com/cover/0399137807_72.jpg,Putnam Adult,238
039914739X,9780399147395,Isle Of Dogs,Patricia Cornwell,http://www.openisbn.com/cover/039914739X_72.jpg,"G.P. Putnam's Sons, New York",421
0451203046,9780451203045,Light A Penny Candle,Maeve Binchy,http://www.openisbn.com/cover/0451203046_72.jpg,Signet,608
0451410556,9780451410559,The Blue Last,Martha Grimes,http://www.openisbn.com/cover/0451410556_72.jpg,Onyx,464
